{"cameraMode":{"drawMode":0,"name":"Shaded","section":"Shading Mode"},"sceneLighting":false,"audioPlay":false,"sceneViewState":{"showFog":true,"showMaterialUpdate":false,"showSkybox":false,"showFlares":true,"showImageEffects":true,"showParticleSystems":true},"in2DMode":false,"pivot":{"x":0.10254623740911484,"y":0.7589555978775024,"z":0.3491554260253906},"rotation":{"x":-0.10629809647798538,"y":0.0044748205691576,"z":-0.0004784250049851835,"w":-0.9943241477012634},"size":2.5875604152679445,"orthographic":false}