{"cameraMode":{"drawMode":0,"name":"Shaded","section":"Shading Mode"},"sceneLighting":false,"audioPlay":false,"sceneViewState":{"showFog":true,"showMaterialUpdate":false,"showSkybox":false,"showFlares":true,"showImageEffects":true,"showParticleSystems":true},"in2DMode":false,"pivot":{"x":-50.055511474609378,"y":-0.20759820938110352,"z":-0.2848930358886719},"rotation":{"x":-0.1312616467475891,"y":0.07279501110315323,"z":-0.009665144607424736,"w":-0.9886242747306824},"size":27.447120666503908,"orthographic":false}