{"cameraMode":{"drawMode":0,"name":"Shaded","section":"Shading Mode"},"sceneLighting":false,"audioPlay":false,"sceneViewState":{"showFog":true,"showMaterialUpdate":false,"showSkybox":false,"showFlares":true,"showImageEffects":true,"showParticleSystems":true},"in2DMode":false,"pivot":{"x":525.2281494140625,"y":117.50518798828125,"z":-734.9343872070313},"rotation":{"x":-0.14276883006095887,"y":-0.6829065084457398,"z":0.1387156844139099,"w":-0.7028611302375794},"size":3148.11474609375,"orthographic":false}